Round,Actual,Forecast
1,469.31638815926374,490.0
2,546.5305849398444,555.0
3,543.1059376205694,540.0
4,523.2108325371104,530.0
