Round,Actual,Forecast
1,505.39305763918514,500.0
2,466.47449484210836,409.0
3,473.81198336753727,490.0
4,485.7736789566996,490.0
