Round,Actual,Forecast
1,493.4832324617277,500.0
2,525.1191453500695,534.0
3,529.5201017949855,497.0
4,534.2443592809764,540.0
