Round,Actual,Forecast
1,506.896144566949,500.0
2,496.72745195269067,500.0
3,495.39155532105485,490.0
4,491.8932553708551,495.0
