Round,Actual,Forecast
1,602.3170210177207,345.0
2,534.476723191553,230.0
3,415.50970337192007,250.0
4,525.0082192350394,560.0
