Round,Actual,Forecast
1,466.4869813471896,656.0
2,486.34619045751543,345.0
3,496.98125174711305,450.0
4,517.8121184595228,450.0
