Round,Actual,Forecast
1,498.5155660211962,380.0
2,468.0695943103514,550.0
3,432.38592971948987,460.0
4,385.67198057272014,250.0
