Round,Actual,Forecast
1,618.773712826736,560.0
2,484.24089475886706,340.0
3,455.02554099902716,345.0
4,445.4935582908564,200.0
