Round,Actual,Forecast
1,506.260762488004,501.0
2,498.69960719777134,498.0
3,439.4906156880328,456.0
4,453.397710006044,499.0
