Round,Actual,Forecast
1,482.75565582770014,485.0
2,496.2761801335177,500.0
3,512.3876450050194,500.0
4,496.77925736554397,520.0
