Round,Actual,Forecast
1,501.6716991630555,500.0
2,503.3729701501954,510.0
3,488.7748618440487,400.0
4,493.7266095406009,300.0
