Round,Actual,Forecast
1,464.807430440269,450.0
2,425.3472509352709,600.0
3,565.7672218731905,400.0
4,454.7638418471303,600.0
