Round,Actual,Forecast
1,461.8618520227011,459.0
2,479.7354189736007,430.0
3,491.6427046510714,480.0
4,521.9318376418071,480.0
