Round,Actual,Forecast
1,471.0758451931723,499.0
2,431.21311135106487,499.0
3,517.3853966011817,496.0
4,427.40953404526294,510.0
