Round,Actual,Forecast
1,511.6455660273197,400.0
2,530.5350015640112,400.0
3,535.5271444070829,499.0
4,539.4671142244982,580.0
