Round,Actual,Forecast
1,462.05618660321574,520.0
2,528.5504536377202,550.0
3,548.6154520589482,600.0
4,540.8600391596494,580.0
