Round,Actual,Forecast
1,543.3522064658312,500.0
2,539.6779626396415,550.0
3,494.003210928847,555.0
4,475.9309566853295,480.0
